,AAPL,AMZN,NFLX,META,GOOGL
AAPL,1,0.660738586,0.460041141,0.594784944,0.698431255
AMZN,0.660738586,1,0.593812086,0.626197627,0.679322691
NFLX,0.460041141,0.593812086,1,0.515892088,0.492697083
META,0.594784944,0.626197627,0.515892088,1,0.668023785
GOOGL,0.698431255,0.679322691,0.492697083,0.668023785,1